UPC_Code,Gender
1573310193,Women
1573310194,Women
1573310195,Men
1573310196,Men
1573310391,Women
1573310392,Women
1573310393,Women
1573310394,Men
1573310395,Women
1573310396,Men
1573310401,Women
1573310402,Men
1573310403,Men
1573310404,Men
1573310405,Men
1573310406,Women
1573310462,Women
1573310463,Women
1573310464,Men
1573310465,Women
1573310466,Women
1573310467,Men
1573310491,Women
1573310492,Women
1573310493,Women
1573310494,Women
1573310495,Women
1573310497,Women
1573311671,Women
1573311672,Women
1573311673,Men
1573311674,Men
1573311675,Women
1573311676,Women
1573311681,Men
1573311682,Men
1573311683,Women
1573311684,Women
1573311685,Women
1573311687,Men
1573311851,Men
1573311852,Women
1573311853,Women
1573311854,Men
1573311855,Men
1573311856,Men
1573315154,Women
1573315157,Women
8187310093,Men
8187310095,Women
8187310096,Men
8187310103,Men
8187310105,Men
8187310106,Women
8187310122,Men
8187310125,Men
8187310126,Women
8187310132,Women
8187310133,Men
8187310134,Women
8187310135,Women
8187310136,Women
8187311303,Women
8187311304,Men
8187311305,Men
8187311306,Men
1573302392,Women
1573302393,Women
1573302394,Women
1573302395,Women
1573302396,Women
1573302401,Men
1573302402,Men
1573302403,Women
1573302404,Men
1573302405,Men
1573302406,Men
1573302451,Men
1573302452,Men
1573302453,Women
1573302454,Women
1573302455,Women
1573302456,Men
1573310197,Men
1573310301,Men
1573310302,Women
1573310305,Men
1573310306,Women
1573310407,Men
1573310704,Women
1573310705,Men
1573310881,Men
1573310882,Women
1573310883,Women
1573310884,Women
1573310885,Women
1573310886,Women
1573310887,Men
1573310901,Men
1573310902,Men
1573310903,Women
1573310904,Men
1573310931,Men
1573310932,Men
1573310933,Men
1573310934,Women
1573310935,Men
1573310936,Men
1573313165,Women
1573313371,Women
1573313372,Men
1573313373,Women
1573313374,Women
1573313375,Men
1573313376,Women
1573313377,Men
1573315132,Men
1573315133,Men
1573315134,Women
1573320012,Women
1573320013,Men
1573302964,Men
8187302591,Women
8187302592,Men
8187302593,Men
8187302594,Women
8187302595,Men
1573302201,Women
1573302202,Men
1573302204,Women
1573302205,Men
1573302252,Men
1573302253,Women
1573302254,Men
1573302255,Women
1573302256,Men
1573302291,Women
1573302292,Women
1573302293,Men
1573302294,Women
1573302295,Women
1573302296,Women
1573302301,Men
1573302302,Women
1573302303,Men
1573302304,Men
1573302305,Women
1573302306,Women
1573302312,Men
1573302313,Women
1573302314,Women
1573302315,Men
1573302321,Women
1573302322,Men
1573302323,Women
1573302324,Men
1573302325,Women
1573310741,Men
1573310742,Men
1573310744,Men
1573310745,Men
8187301062,Women
8187301063,Women
8187301064,Men
8187301065,Women
8187301066,Women
8187301072,Women
8187301073,Men
8187301074,Men
8187301075,Men
8187301076,Men
8187301082,Women
8187301083,Men
8187301084,Men
8187301092,Men
8187301093,Men
8187301094,Men
8187301095,Men
8187301096,Women
1573302422,Men
1573302423,Women
1573302424,Women
1573302425,Women
1573302426,Men
1573305161,Men
1573305162,Men
1573305163,Women
1573305164,Women
1573305165,Men
1573305166,Men
1573305171,Men
1573305172,Women
1573305173,Women
1573305174,Women
1573305175,Women
1573305176,Women
1573305184,Men
1573305185,Men
1573305186,Men
1573302491,Men
1573302493,Men
1573302494,Men
1573302495,Women
1573303602,Women
1573303604,Men
1573303605,Men
1573303606,Men
1573303691,Women
1573303692,Women
1573303693,Women
1573303694,Women
1573303695,Men
1573303696,Men
1573303701,Men
1573303702,Men
1573303703,Women
1573303704,Women
1573303705,Women
1573303706,Women
1573302282,Women
1573302283,Men
1573302284,Women
1573302412,Women
1573302413,Men
1573302414,Women
1573302415,Men
1573302501,Men
1573302502,Men
1573302503,Men
1573302504,Men
1573302505,Men
1573302513,Men
1573302514,Women
1573302515,Men
1573302516,Men
1573310091,Men
1573310092,Women
1573310093,Men
1573310094,Men
1573310095,Women
1573310151,Men
1573310152,Women
1573310153,Men
1573310154,Men
1573310155,Women
1573310281,Women
1573310282,Men
1573310283,Women
1573310284,Women
1573310285,Women
1573310291,Men
1573310292,Women
1573310293,Women
1573310294,Women
1573310295,Men
1573310296,Women
1573310341,Men
1573310342,Men
1573310343,Women
1573310344,Men
1573310345,Women
1573310346,Women
1573310371,Men
1573310372,Women
1573310373,Women
1573310374,Women
1573310375,Men
1573310376,Women
1573311691,Women
1573311692,Men
1573311693,Women
1573311694,Women
1573311695,Men
1573311696,Women
1573311701,Women
1573311702,Men
1573311703,Women
1573311704,Women
1573311712,Men
1573311713,Women
1573311715,Women
1573311716,Men
1573311741,Women
1573311742,Men
1573311743,Men
1573311744,Men
1573311745,Men
1573311746,Men
8187310142,Men
8187310145,Women
8187310146,Women
8187310156,Women
8187310165,Men
8187310166,Women
8187310172,Women
8187310173,Men
8187310174,Men
8187310175,Women
8187310176,Women
8187310232,Men
8187310233,Men
8187310234,Women
8187310235,Women
8187310236,Women
8187310482,Men
8187310483,Men
8187310484,Men
8187310485,Men
8187310486,Women
8187310487,Women
1573302271,Women
1573302272,Men
1573302275,Women
1573310096,Women
1573310482,Men
1573310483,Women
1573310484,Men
1573310485,Women
1573310642,Women
1573310643,Women
1573310722,Women
1573310723,Men
1573310724,Men
1573310725,Men
1573310726,Women
1573310891,Men
1573310892,Men
1573310893,Men
1573310894,Men
1573310895,Men
1573310896,Men
1573310897,Women
1573310911,Women
1573310912,Men
1573310913,Men
1573310914,Women
1573310915,Men
1573310916,Men
1573310941,Men
1573310942,Women
1573310943,Women
1573310944,Women
1573310945,Men
1573310946,Men
1573311961,Women
1573311962,Men
1573311963,Men
1573311964,Men
1573311965,Men
1573311966,Men
1573312451,Men
1573312452,Men
1573312453,Men
1573312454,Women
1573312455,Women
1573312741,Men
1573312742,Women
1573312743,Women
1573312744,Women
1573312745,Women
1573312746,Men
1573312747,Men
1573313012,Women
1573313013,Women
1573313014,Men
1573313015,Men
1573313016,Women
1573313022,Men
1573313023,Women
1573313024,Women
1573313025,Men
1573313026,Women
1573313361,Women
1573313362,Women
1573313363,Women
1573313364,Men
1573313365,Women
1573313366,Men
1573315101,Women
1573315105,Women
1573315113,Women
1573315114,Women
1573315115,Women
1573315117,Men
1573315161,Men
1573315165,Men
1170601042,Women
1170601043,Women
1170601044,Men
1170601045,Men
1170601046,Men
1573301684,Women
6622101002,Men
6622101003,Men
6622101004,Women
6622101005,Women
6622101006,Women
6622101007,Women
6622101012,Men
6622101013,Women
6622101014,Women
6622101015,Women
6622101016,Women
6622101017,Women
6622101032,Women
6622101033,Men
6622101034,Men
6622101042,Men
6622101043,Women
6622101044,Women
6622101045,Men
6622101046,Men
6622101052,Women
6622101053,Women
6622101054,Women
6622101055,Men
6622101056,Women
6622101057,Women
6622101062,Women
6622101063,Men
6622101064,Men
6622101065,Women
6622101066,Men
6622101072,Men
6622101073,Women
6622101074,Men
6622101075,Women
6622101076,Women
6622101077,Women
6622101092,Men
6622101093,Men
6622101094,Women
6622101095,Men
6622101096,Men
6622101097,Women
6622101102,Men
6622101103,Men
6622101104,Men
6622101105,Men
6622101107,Women
6622101112,Women
6622101113,Women
6622101114,Women
6622101115,Men
6622101116,Women
6622101117,Women
6622101122,Men
6622101123,Men
6622101124,Men
6622101125,Women
6622101126,Women
6622101127,Women
6622101132,Women
6622101135,Men
6622101136,Men
6622101234,Men
6622101235,Men
6622101236,Men
6622101242,Women
6622101243,Women
6622101244,Women
6622101256,Men
6622101265,Men
6622101266,Women
6622101272,Men
6622101274,Men
6622101275,Women
6622101276,Women
6622101282,Women
6622101283,Men
6622101284,Women
6622101285,Women
6622101286,Men
6622101292,Women
6622101293,Men
6622101294,Women
6622101295,Men
6622101296,Women
6622101302,Men
6622101303,Women
6622101304,Women
6622101305,Men
6622101306,Men
6622101313,Women
6622101315,Men
6622101422,Women
6622101423,Women
6622101424,Men
6622101425,Women
6622101432,Men
6622101433,Women
6622101466,Women
8187301013,Men
8187301014,Women
8187301015,Men
8187301016,Men
8187301034,Women
8187301036,Men
8187301192,Men
8187301193,Women
8187301194,Women
8187301195,Women
8187301196,Women
8187301197,Men
8187301212,Men
8187301213,Men
8187301214,Men
8187301215,Men
8187301216,Men
8187301222,Men
8187301223,Men
8187301224,Women
8187301225,Men
8187301226,Men
8187301232,Women
8187301233,Men
8187301234,Women
8187301235,Men
8187301236,Men
8187301242,Men
8187301243,Men
8187301244,Women
8187301245,Men
8187301246,Men
8187301273,Women
8187301276,Women
8187301432,Women
8187301433,Women
8187301434,Women
8187301435,Men
8187301436,Women
8187301452,Men
8187301453,Men
8187301454,Women
8187301455,Women
8187301456,Men
8187301457,Women
8187301462,Women
8187301463,Women
8187301464,Women
8187301465,Women
8187301466,Men
8187301472,Men
8187301473,Women
8187301474,Men
8187301475,Men
8187301476,Women
8187301477,Women
8187301532,Men
8187301533,Women
8187301534,Men
8187301535,Women
8187301536,Women
8187301572,Men
8187301573,Women
8187301574,Men
8187301575,Men
8187301576,Women
8187301592,Men
8187301593,Women
8187301594,Men
8187301595,Men
8187301596,Women
8187301597,Men
8187301617,Women
8187301622,Women
8187301623,Men
8187301625,Men
8187301626,Women
8187301627,Men
8187301632,Men
8187301635,Men
8187301642,Women
8187301653,Women
8187301655,Women
8187301656,Women
8187301657,Women
8187301681,Men
8187301682,Men
8187301683,Women
8187301684,Women
8187301685,Women
8187301686,Women
8187301762,Women
8187301763,Men
8187301764,Women
8187301765,Women
8187301766,Men
8187301772,Men
8187301773,Women
8187301774,Men
8187301775,Women
8187301776,Women
8187301782,Women
8187301783,Women
8187301784,Women
8187301785,Women
8187301786,Men
8187301792,Women
8187301793,Men
8187301794,Men
8187301795,Women
8187301796,Women
8187301802,Women
8187301803,Men
8187301804,Men
8187301805,Men
8187301812,Women
8187301813,Men
8187301814,Men
8187301815,Women
8187301816,Women
8187301817,Men
8187301822,Women
8187301823,Women
8187301824,Women
8187301825,Men
8187301826,Women
8187301832,Men
8187301847,Women
8187301883,Women
8187301884,Men
8187301885,Women
8187301886,Women
8187301932,Men
8187301933,Men
8187301934,Men
8187301935,Men
8187301936,Men
8187301992,Women
8187301993,Women
8187301994,Women
8187301995,Women
8187301996,Women
8187307013,Men
8187307014,Women
8187307015,Women
1573302432,Men
1573302433,Women
1573302434,Women
1573302435,Men
1573302436,Women
81873010112,Men
1573302542,Women
1573302543,Women
1573302544,Men
1573302545,Women
4692301452,Women
4692301453,Women
4692301454,Men
4692302442,Men
4692302443,Women
4692302444,Men
4692310053,Men
4692310054,Women
4692310055,Women
4692310056,Men
4692310252,Women
4692310253,Women
4692310254,Men
4692310255,Men
4692310256,Men
4692310931,Men
4692310932,Women
4692301782,Women
4692301783,Women
4692301785,Women
4692301786,Men
4692301792,Men
4692301793,Women
4692301802,Men
4692301803,Men
4692301804,Women
4692301811,Men
4692301812,Men
4692301813,Women
4692301814,Women
4692301815,Women
4692301821,Men
4692301822,Men
4692301823,Women
4692301824,Men
1573302331,Women
1573302332,Men
1573302333,Men
1573302335,Men
1573302341,Women
1573302342,Women
1573302343,Women
1573302344,Men
1573302345,Men
4692301102,Women
4692301103,Men
4692301104,Men
4692301106,Women
4692301112,Men
4692301113,Men
4692301114,Men
4692301115,Men
4692301116,Women
4692301122,Women
4692301123,Men
4692301124,Men
4692301125,Men
4692301126,Women
4692301133,Men
4692301134,Women
4692301135,Men
4692301136,Men
4692301252,Men
4692301253,Men
4692301254,Women
4692301255,Men
4692301602,Women
4692301603,Women
4692301604,Women
4692301605,Men
4692301606,Men
4692301607,Women
4692310021,Women
4692310023,Women
4692310024,Men
4692310025,Men
4692310026,Men
4692310031,Men
4692310032,Women
4692310033,Men
4692310034,Men
4692310035,Men
4692310042,Women
4692310044,Women
4692310045,Men
4692310046,Men
4692310263,Men
4692310264,Women
4692310265,Men
4692310266,Women
4692302461,Women
4692302462,Women
4692302463,Women
4692302464,Women
4692302465,Men
4692302466,Men
4692302471,Women
4692302473,Men
4692302474,Men
4692302475,Men
4692304272,Women
4692310942,Men
4692310943,Men
4692310944,Men
4692310945,Women
4692301022,Men
4692301023,Women
4692301024,Women
4692301025,Women
4692301032,Women
4692301033,Women
4692301034,Women
4692301035,Women
4692301036,Women
4692301043,Women
4692301044,Men
4692301045,Women
4692301046,Men
4692301052,Men
4692301053,Women
4692301054,Men
4692301055,Men
4692301056,Women
4692301072,Women
4692301073,Women
4692301074,Men
4692301075,Women
4692301076,Women
4692301142,Men
4692301143,Men
4692301144,Women
4692301145,Women
4692301146,Men
4692301164,Men
4692301165,Men
4692301166,Women
4692301202,Men
4692301292,Men
4692301293,Men
4692301294,Women
4692301295,Women
4692301296,Men
4692301433,Men
4692301434,Men
4692301435,Women
4692301436,Women
4692301442,Men
4692301443,Men
4692301444,Men
4692301445,Men
4692301446,Men
4692301472,Women
4692301473,Men
4692301474,Women
4692301475,Women
4692301542,Women
4692301545,Men
4692301546,Men
4692301552,Men
4692301553,Women
4692301554,Men
4692301555,Women
4692301556,Men
4692301557,Women
4692301564,Men
4692301565,Men
4692301566,Men
4692301593,Men
4692301643,Men
4692301646,Men
4692301702,Women
4692301703,Men
4692301704,Women
4692301712,Men
4692301713,Men
4692301714,Men
4692301715,Men
4692301716,Women
4692301722,Men
4692301723,Women
4692301724,Men
4692301725,Men
4692301726,Women
4692301732,Women
4692301733,Women
4692301734,Men
4692301735,Men
4692301736,Women
4692301772,Men
4692301773,Women
4692301774,Men
4692301775,Men
4692301776,Women
4692301911,Men
4692301912,Men
4692301913,Women
4692301914,Men
4692301915,Women
